"id","deviceid","timestamp","speed","direction","vehicletype"
"5f0afc4b-8953-48f6-b600-f9aa214c63e5","Vehicle-CodewithYu-123","2025-04-09 10:00:29.940","5.714863617682506","North_East","private"
"b9ca1abd-db99-4a1e-b55a-4ca718634211","Vehicle-CodewithYu-123","2025-04-09 10:01:02.940","6.39928006889801","North_East","private"
"73c86bf7-591b-4752-bfe2-5bc53a50644b","Vehicle-CodewithYu-123","2025-04-09 10:04:33.719","4.625831361173218","North_East","private"
"69621c27-485a-4974-be85-0f1e9cbf0ee4","Vehicle-CodewithYu-123","2025-04-09 10:42:33.719","19.704984759128234","North_East","private"
"ae6c8620-032c-4c39-a65b-ceb78b97430f","Vehicle-CodewithYu-123","2025-04-09 10:43:31.719","3.9608653884211398","North_East","private"
"976a1380-9d54-4706-8058-8359a3a939db","Vehicle-CodewithYu-123","2025-04-09 10:02:07.719","16.468526662062146","North_East","private"
"974cf487-0ed4-4c67-9041-303493b06e05","Vehicle-CodewithYu-123","2025-04-09 09:59:10.905","21.10695149673016","North_East","private"
"ffdcd48a-e354-4923-a3b5-6fa237ad31a6","Vehicle-CodewithYu-123","2025-04-09 10:14:17.719","1.2411999552284847","North_East","private"
"0c4ef9ae-edbf-4092-9110-a5c9a6076788","Vehicle-CodewithYu-123","2025-04-09 10:26:34.905","0.40604457754708445","North_East","private"
"d05fa5db-0382-44fb-a3ee-fa5b9cdf90fa","Vehicle-CodewithYu-123","2025-04-09 10:27:13.905","27.671486211808073","North_East","private"
"b4cbbbc2-751b-4389-9776-1997bd6addb2","Vehicle-CodewithYu-123","2025-04-09 10:09:47.905","16.468526662062146","North_East","private"
"3872c511-8864-4a22-986e-dc3e3f07772e","Vehicle-CodewithYu-123","2025-04-09 09:50:02.719","25.557979794640207","North_East","private"
"795f3d7b-1076-426b-b0ef-d015e72b58e3","Vehicle-CodewithYu-123","2025-04-09 10:07:27.719","1.848548723710337","North_East","private"
"2a7d96e1-fbe0-44c0-a1b6-49c9f1b68b7c","Vehicle-CodewithYu-123","2025-04-09 10:08:19.719","30.038579064738915","North_East","private"
"de8b6b6d-d117-4444-a98f-6ca11ccaea7b","Vehicle-CodewithYu-123","2025-04-09 10:20:11.719","28.851373253042784","North_East","private"
"d0a29d66-be7b-466f-8237-75e3dbf14bc7","Vehicle-CodewithYu-123","2025-04-09 10:20:50.719","7.177661747416133","North_East","private"
"d8f2cb75-f457-4523-9527-377f1dae16e4","Vehicle-CodewithYu-123","2025-04-09 10:18:38.905","16.805740710937023","North_East","private"
"141bd5d8-38e5-43b6-9a67-0803dc0e3bfa","Vehicle-CodewithYu-123","2025-04-09 10:19:38.905","21.52882270440926","North_East","private"
"0f04f4f9-f4a0-44b9-acc3-229ede196814","Vehicle-CodewithYu-123","2025-04-09 09:53:33.719","26.138219530631662","North_East","private"
"f3bb096e-5ef1-4f26-992b-8bea565c7cfb","Vehicle-CodewithYu-123","2025-04-09 09:59:02.719","39.48932254526017","North_East","private"
"c4970ce1-9e84-4cc1-95a0-09b6263588d0","Vehicle-CodewithYu-123","2025-04-09 09:59:49.719","11.270250858315771","North_East","private"
"0dea2581-f942-458c-9c6c-ef0506b82790","Vehicle-CodewithYu-123","2025-04-09 10:22:32.905","38.54938976404835","North_East","private"
"d6c96494-c58c-4b88-9ec3-8249dbdef6dd","Vehicle-CodewithYu-123","2025-04-09 10:23:20.905","25.089695824041776","North_East","private"
"b15a6456-0cac-422d-9e51-72540f73fe1b","Vehicle-CodewithYu-123","2025-04-09 10:00:20.719","30.844768920785086","North_East","private"
"8f5f6c84-e1d8-4dba-809f-40ea5f71798a","Vehicle-CodewithYu-123","2025-04-09 10:35:39.719","14.33853369201454","North_East","private"
"9456de85-0f15-44c2-b3b5-615ac480b4eb","Vehicle-CodewithYu-123","2025-04-09 10:36:38.719","9.287537771806091","North_East","private"
"5e7e4b70-57a4-49d9-be34-02ef28e350e4","Vehicle-CodewithYu-123","2025-04-09 10:23:35.719","6.261304617725525","North_East","private"
"5b520782-e92a-4df2-98f2-b81843846117","Vehicle-CodewithYu-123","2025-04-09 09:43:57.566","30.922733631547676","North_East","private"
"9f25f11d-801e-4655-863f-2e32ea1430e9","Vehicle-CodewithYu-123","2025-04-09 09:44:49.566","25.92141540986374","North_East","private"
"b0eb743a-6467-4e31-8c41-b5dab5f6c936","Vehicle-CodewithYu-123","2025-04-09 09:56:32.940","8.817624881627868","North_East","private"
"ca81e295-ca88-462e-879d-37dd1b260a25","Vehicle-CodewithYu-123","2025-04-09 10:04:29.905","2.7184345350302896","North_East","private"
"502bebae-221a-464d-9a84-22ae22417e7b","Vehicle-CodewithYu-123","2025-04-09 10:34:32.905","26.060379577347454","North_East","private"
"4fd3ae43-109a-400c-8916-61e2263fc968","Vehicle-CodewithYu-123","2025-04-09 10:35:05.905","13.192146543158616","North_East","private"
"cc0727ca-ea81-4319-b71a-4d7e89fa6e4f","Vehicle-CodewithYu-123","2025-04-09 09:48:13.566","10.673007598101712","North_East","private"
"4d3aeb03-61d5-4f43-b865-073a27711d2b","Vehicle-CodewithYu-123","2025-04-09 10:22:03.719","22.51358388338257","North_East","private"
"ed956b35-2a01-4944-aed0-3835e035e641","Vehicle-CodewithYu-123","2025-04-09 10:23:00.719","17.15319344561703","North_East","private"
"c8f582e2-725e-43d8-b35b-393c908455b5","Vehicle-CodewithYu-123","2025-04-09 10:33:13.719","13.27978815725455","North_East","private"
"25c69f01-af62-482a-8e8e-fff4b2eab2c2","Vehicle-CodewithYu-123","2025-04-09 10:33:53.719","15.899332955430939","North_East","private"
"77061822-4c2e-4ad2-9da4-97c516bc9d22","Vehicle-CodewithYu-123","2025-04-09 09:53:28.905","25.92141540986374","North_East","private"
"d4f24220-c164-460e-844d-36606ae96207","Vehicle-CodewithYu-123","2025-04-09 09:54:22.905","32.87210376027233","North_East","private"
"17788927-c859-4a21-9154-ecefdfcefaa1","Vehicle-CodewithYu-123","2025-04-09 10:04:51.940","2.561035853053797","North_East","private"
"27bd7d0b-2081-42a6-ab55-078a56e1e9ec","Vehicle-CodewithYu-123","2025-04-09 10:05:28.940","19.41657996601963","North_East","private"
"7f23d4ed-4feb-4b83-9a14-e83de7a32e00","Vehicle-CodewithYu-123","2025-04-09 09:46:42.719","32.87210376027233","North_East","private"
"f472da14-31d5-478c-9b80-4120fe8d903e","Vehicle-CodewithYu-123","2025-04-09 10:47:31.719","31.329079839215183","North_East","private"
"d23ff0df-4ffd-44b6-9b9e-a372a1d2bd48","Vehicle-CodewithYu-123","2025-04-09 09:44:56.719","30.922733631547676","North_East","private"
"232f6d93-7b6b-42f3-99b9-d87de72a9675","Vehicle-CodewithYu-123","2025-04-09 09:45:48.719","25.92141540986374","North_East","private"
"467fb079-0fcd-4488-9723-d2cd73e3aafa","Vehicle-CodewithYu-123","2025-04-09 10:13:27.719","15.16504862256545","North_East","private"
"e758a525-295d-4c8f-9b3e-df526e1174a9","Vehicle-CodewithYu-123","2025-04-09 10:28:30.905","7.177661747416133","North_East","private"
"060346a8-4c2a-4075-89dd-d4f3aa01f404","Vehicle-CodewithYu-123","2025-04-09 10:02:50.940","25.557979794640207","North_East","private"
"a0037104-fc66-4215-86eb-cb2d195d780c","Vehicle-CodewithYu-123","2025-04-09 10:03:31.940","33.26662117444718","North_East","private"
"25d2d0c9-f8a6-4286-a725-4e6bc6785759","Vehicle-CodewithYu-123","2025-04-09 10:29:09.905","17.61875192544041","North_East","private"
"acb0e327-4ef6-40d6-bfe2-98432d9dff05","Vehicle-CodewithYu-123","2025-04-09 09:52:36.905","30.922733631547676","North_East","private"
"2225894f-d4b5-4d69-8c05-7eea1ac5e449","Vehicle-CodewithYu-123","2025-04-09 10:06:51.719","31.74941596424008","North_East","private"
"038b70b0-ea31-4e10-8f65-20859021157b","Vehicle-CodewithYu-123","2025-04-09 10:08:52.719","32.056664068890576","North_East","private"
"ec8cc446-b3d7-4f8a-9e79-60207a2e086b","Vehicle-CodewithYu-123","2025-04-09 10:09:50.719","34.45979639133049","North_East","private"
"a34b45f3-0c5e-48dd-823d-97bfc68a595f","Vehicle-CodewithYu-123","2025-04-09 10:26:52.719","26.060379577347454","North_East","private"
"526a4ef1-546e-4668-9941-3c7ebbb550b8","Vehicle-CodewithYu-123","2025-04-09 10:02:00.940","10.673007598101712","North_East","private"
"a7c4b2d5-2fee-4385-8609-9bd50952c8a3","Vehicle-CodewithYu-123","2025-04-09 10:01:13.905","26.138219530631662","North_East","private"
"0aba46f8-d9a8-49c6-a5d0-2c148c4466ad","Vehicle-CodewithYu-123","2025-04-09 10:01:57.905","36.93062397104051","North_East","private"
"cfecd36e-fa24-49cb-8242-455d4cfdfafa","Vehicle-CodewithYu-123","2025-04-09 10:34:44.719","39.89703691824862","North_East","private"
"01528df4-773b-4097-ae2f-1bcfd8b5e982","Vehicle-CodewithYu-123","2025-04-09 10:45:11.719","2.02314042651492","North_East","private"
"4df798b1-7f65-4c74-a482-4a209f168f8f","Vehicle-CodewithYu-123","2025-04-09 09:49:03.566","25.557979794640207","North_East","private"
"ee383f9f-9f33-47ce-9968-e043ce31d420","Vehicle-CodewithYu-123","2025-04-09 09:49:44.566","33.26662117444718","North_East","private"
"c446dbb7-5859-4319-b2b2-b19dc71577eb","Vehicle-CodewithYu-123","2025-04-09 09:52:03.719","2.561035853053797","North_East","private"
"f57648a4-2bdd-4f1b-af59-819d5dc15c23","Vehicle-CodewithYu-123","2025-04-09 09:52:40.719","19.41657996601963","North_East","private"
"30b440c9-0d99-4aee-8a89-7bed0d7c2325","Vehicle-CodewithYu-123","2025-04-09 09:54:17.719","36.93062397104051","North_East","private"
"7dbfc0d9-c82f-45e3-94d5-9ea0828b1c00","Vehicle-CodewithYu-123","2025-04-09 10:10:58.719","16.805740710937023","North_East","private"
"20a1b40d-63d8-4caf-bf57-1c48ce35c70f","Vehicle-CodewithYu-123","2025-04-09 10:14:52.719","38.54938976404835","North_East","private"
"3acc1bf7-d692-4998-9e36-97cf46bff2c8","Vehicle-CodewithYu-123","2025-04-09 10:15:40.719","25.089695824041776","North_East","private"
"5fdd4864-52ba-471e-a9db-1465f2de13c5","Vehicle-CodewithYu-123","2025-04-09 10:08:34.905","33.38380079544067","North_East","private"
"0709fa50-c347-4ee4-8539-e4d1abab4451","Vehicle-CodewithYu-123","2025-04-09 10:09:07.905","22.39534076575479","North_East","private"
"9cd146a8-0e1f-4688-a680-9713244bdffd","Vehicle-CodewithYu-123","2025-04-09 09:50:32.905","5.581517141005756","North_East","private"
"26a4f43a-1328-4de5-b496-ad7529b3b155","Vehicle-CodewithYu-123","2025-04-09 10:23:52.905","13.649246994451328","North_East","private"
"0a98ae02-d620-42c9-92b3-e70df0eb07aa","Vehicle-CodewithYu-123","2025-04-09 09:51:24.905","8.817624881627868","North_East","private"
"1833bed8-e384-41d8-a8a2-875c5644c050","Vehicle-CodewithYu-123","2025-04-09 09:42:52.719","5.581517141005756","North_East","private"
"de23c739-50c4-414b-b473-018227abb54b","Vehicle-CodewithYu-123","2025-04-09 10:04:18.940","21.10695149673016","North_East","private"
"4f5eacca-1662-4788-8332-1f1724ef116d","Vehicle-CodewithYu-123","2025-04-09 10:13:55.905","27.092717810909317","North_East","private"
"1f8368ef-a585-4763-bcbc-b00b92fa7437","Vehicle-CodewithYu-123","2025-04-09 10:14:31.905","31.74941596424008","North_East","private"
"1a427278-997d-412b-becb-e76bb88487db","Vehicle-CodewithYu-123","2025-04-09 10:49:14.719","17.20797303294493","North_East","private"
"e5c7e660-3d8a-4040-8f7c-c27052982abb","Vehicle-CodewithYu-123","2025-04-09 10:06:21.940","26.138219530631662","North_East","private"
"ca3d560d-e9ab-46b3-ae17-ea100566aaf4","Vehicle-CodewithYu-123","2025-04-09 10:44:22.719","36.06784849698619","North_East","private"
"7ae2a08b-0c5d-4334-857d-a6485dacab2a","Vehicle-CodewithYu-123","2025-04-09 09:55:14.719","2.345415998887157","North_East","private"
"d79fc448-12bb-44de-8a14-8299e4fdae03","Vehicle-CodewithYu-123","2025-04-09 09:56:14.719","29.429487151561737","North_East","private"
"97ac6eb9-fad6-4efd-91c5-83ac8de7c5ca","Vehicle-CodewithYu-123","2025-04-09 09:59:30.940","32.87210376027233","North_East","private"
"a465d9e3-9bd6-4473-af90-30e83250c612","Vehicle-CodewithYu-123","2025-04-09 09:47:41.719","5.714863617682506","North_East","private"
"7ac3b98f-8904-40be-bf0b-514955441451","Vehicle-CodewithYu-123","2025-04-09 10:27:51.905","28.851373253042784","North_East","private"
"53407e8d-823f-4173-96c9-aac023eb06cb","Vehicle-CodewithYu-123","2025-04-09 10:21:29.719","17.61875192544041","North_East","private"
"2f72d234-3884-491f-b202-1d489bf20b44","Vehicle-CodewithYu-123","2025-04-09 09:46:42.566","5.714863617682506","North_East","private"
"14ad7364-ef68-4080-9ed0-a6f8ec2a8026","Vehicle-CodewithYu-123","2025-04-09 09:47:15.566","6.39928006889801","North_East","private"
"cac3ace5-2bbb-4cbf-9dea-8174b7984bda","Vehicle-CodewithYu-123","2025-04-09 10:30:56.719","23.975103946995997","North_East","private"
"c36b4dde-0a86-4f15-a516-46e7b05cf502","Vehicle-CodewithYu-123","2025-04-09 10:31:35.719","23.196935355336166","North_East","private"
"3fde9bab-2e35-4893-bbb9-19b8a28912d4","Vehicle-CodewithYu-123","2025-04-09 10:28:19.719","20.583850093164205","North_East","private"
"0615525e-c4eb-4cf3-92fd-21f4426a7d9b","Vehicle-CodewithYu-123","2025-04-09 10:29:18.719","35.233864694312224","North_East","private"
"cd0acefa-4d98-477a-9420-330b7ac26247","Vehicle-CodewithYu-123","2025-04-09 09:57:13.940","24.149041254675645","North_East","private"
"c4c1f049-80f4-4b2e-b565-c42dec32b268","Vehicle-CodewithYu-123","2025-04-09 09:57:44.940","30.922733631547676","North_East","private"
"a4c7ce92-255c-456f-ab33-00532274aeaa","Vehicle-CodewithYu-123","2025-04-09 09:58:36.940","25.92141540986374","North_East","private"
"e0e99273-76d4-4c1a-a904-5f243c6e18b0","Vehicle-CodewithYu-123","2025-04-09 10:29:43.905","22.51358388338257","North_East","private"
"34697a80-41d6-4bc0-9e25-9034dfd37932","Vehicle-CodewithYu-123","2025-04-09 10:30:40.905","17.15319344561703","North_East","private"
"4695f9bb-8915-4409-b22c-be612c4e5207","Vehicle-CodewithYu-123","2025-04-09 10:11:58.719","21.52882270440926","North_East","private"
"230fc85e-accb-448d-80cb-727cb97d05d7","Vehicle-CodewithYu-123","2025-04-09 10:12:47.719","36.27715450347073","North_East","private"
"358c386a-c734-4a41-b636-9d930284cd32","Vehicle-CodewithYu-123","2025-04-09 10:12:13.905","4.625831361173218","North_East","private"
"d355ebe5-78db-4814-9ab8-5c11f55a0971","Vehicle-CodewithYu-123","2025-04-09 09:45:43.566","32.87210376027233","North_East","private"
"5293437f-417b-4683-bb25-80661533bf5d","Vehicle-CodewithYu-123","2025-04-09 10:13:04.905","24.926216397856365","North_East","private"
"46b88d62-caf1-48cc-a410-85a98404aca5","Vehicle-CodewithYu-123","2025-04-09 09:59:43.905","2.561035853053797","North_East","private"
"b2bbd814-f06f-49c2-a2e2-89dc697d73c1","Vehicle-CodewithYu-123","2025-04-09 10:00:20.905","19.41657996601963","North_East","private"
"f1eb4baa-ce5f-46ab-aebb-4d99e5fdd705","Vehicle-CodewithYu-123","2025-04-09 10:37:26.719","38.48116291293768","North_East","private"
"a6de162b-9922-4c11-945d-416995a5ae2e","Vehicle-CodewithYu-123","2025-04-09 10:42:02.719","18.859074719257546","North_East","private"
"a8511a0e-9f38-4d70-bd74-b706ff4166bb","Vehicle-CodewithYu-123","2025-04-09 09:55:21.905","5.714863617682506","North_East","private"
"c4193644-f715-4f4d-8b73-2d70383438b6","Vehicle-CodewithYu-123","2025-04-09 10:39:51.719","1.3345812498252974","North_East","private"
"6e0eb709-bdea-43b5-a6f5-389aaeb183a2","Vehicle-CodewithYu-123","2025-04-09 09:50:43.719","33.26662117444718","North_East","private"
"a0df719f-4efc-45cc-ac02-cfdebd61ef37","Vehicle-CodewithYu-123","2025-04-09 09:51:30.719","21.10695149673016","North_East","private"
"efe52a6f-074a-41c7-9588-335f16997d64","Vehicle-CodewithYu-123","2025-04-09 10:33:57.905","12.892863334331999","North_East","private"
"d3ac6bf4-a418-49aa-9d9e-c8363cab211e","Vehicle-CodewithYu-123","2025-04-09 09:58:23.905","33.26662117444718","North_East","private"
"75710709-9fda-45dd-b139-2cb0b15929e8","Vehicle-CodewithYu-123","2025-04-09 10:16:32.905","32.056664068890576","North_East","private"
"5c7032e1-9f35-4eaa-92df-8d0c78aba9df","Vehicle-CodewithYu-123","2025-04-09 09:44:25.719","24.149041254675645","North_East","private"
"b9d4ef57-688a-40ec-92b0-887035f8172d","Vehicle-CodewithYu-123","2025-04-09 10:10:27.719","12.788382736750492","North_East","private"
"e1bd377b-6c9f-4272-82ea-739afeb5c1b9","Vehicle-CodewithYu-123","2025-04-09 10:05:24.719","24.926216397856365","North_East","private"
"98e799b1-7587-40fb-8308-141ec5d22964","Vehicle-CodewithYu-123","2025-04-09 10:06:15.719","27.092717810909317","North_East","private"
"67ebadf1-97e0-4ae0-9cc2-89c649f03578","Vehicle-CodewithYu-123","2025-04-09 10:18:54.719","0.40604457754708445","North_East","private"
"4132ee83-28ec-4140-be6e-f67e8bb87701","Vehicle-CodewithYu-123","2025-04-09 10:19:33.719","27.671486211808073","North_East","private"
"a124bc05-9b57-4fea-9480-b5ef4a8a5f00","Vehicle-CodewithYu-123","2025-04-09 10:02:54.905","2.345415998887157","North_East","private"
"9bce732c-89da-4a68-9474-71f66753d6b7","Vehicle-CodewithYu-123","2025-04-09 10:03:54.905","29.429487151561737","North_East","private"
"da81e749-30a3-4f24-884d-d2b6e2fa621b","Vehicle-CodewithYu-123","2025-04-09 10:30:14.719","18.457915767151334","North_East","private"
"331a3f77-ab23-4f42-8fa6-1ba429bccbea","Vehicle-CodewithYu-123","2025-04-09 09:48:14.719","6.39928006889801","North_East","private"
"6f53c85f-be67-4233-8614-2a8d2f3b2962","Vehicle-CodewithYu-123","2025-04-09 09:49:12.719","10.673007598101712","North_East","private"
"686f2cce-9624-496a-bf4c-47b2017f52e5","Vehicle-CodewithYu-123","2025-04-09 10:31:15.905","6.261304617725525","North_East","private"
"c99dd5f4-3311-44fa-9c72-027f14958091","Vehicle-CodewithYu-123","2025-04-09 10:24:42.905","32.32796875227024","North_East","private"
"4c204bb5-2063-4419-9613-01b1bc605f76","Vehicle-CodewithYu-123","2025-04-09 10:25:36.905","24.413268169220824","North_East","private"
"b2188c1e-1fe2-43cf-ac86-f0779b89ce59","Vehicle-CodewithYu-123","2025-04-09 09:43:44.719","8.817624881627868","North_East","private"
"e64944be-76f4-4428-85c0-3508c310ec0b","Vehicle-CodewithYu-123","2025-04-09 10:51:37.719","12.497955963506158","North_East","private"
"ab07b513-58ae-4633-aa38-f55569459866","Vehicle-CodewithYu-123","2025-04-09 10:07:29.905","11.270250858315771","North_East","private"
"1da4847a-ab73-49c7-845d-23553268b5e4","Vehicle-CodewithYu-123","2025-04-09 10:08:00.905","30.844768920785086","North_East","private"
"f705869d-35c2-4870-985e-cb14b4c281d7","Vehicle-CodewithYu-123","2025-04-09 10:48:30.719","35.97067060494139","North_East","private"
"7df4ae7b-acfd-4902-9251-f681e2a5f8a9","Vehicle-CodewithYu-123","2025-04-09 08:21:16.398","5.581517141005756","North_East","private"
"7f5f806f-1864-4662-9bf4-0258fafa4b70","Vehicle-CodewithYu-123","2025-04-09 08:22:08.398","8.817624881627868","North_East","private"
"3031f1e6-0b90-4382-a2d3-fb6bd2ea0e04","Vehicle-CodewithYu-123","2025-04-09 08:22:49.398","24.149041254675645","North_East","private"
"2b7efc9c-a42b-4abd-b385-5d7a572650a7","Vehicle-CodewithYu-123","2025-04-09 08:23:20.398","30.922733631547676","North_East","private"
"195cc32f-001a-4e97-be53-70ad0e073264","Vehicle-CodewithYu-123","2025-04-09 08:24:12.398","25.92141540986374","North_East","private"
"cdc5049b-3384-4525-97fa-e28829fcea5c","Vehicle-CodewithYu-123","2025-04-09 08:25:06.398","32.87210376027233","North_East","private"
"2fa7fb0a-3c63-4483-b881-d6768a7b3c8c","Vehicle-CodewithYu-123","2025-04-09 08:26:05.398","5.714863617682506","North_East","private"
"436f6820-5f18-4dc6-800b-5f324a2a70a8","Vehicle-CodewithYu-123","2025-04-09 08:26:38.398","6.39928006889801","North_East","private"
"8a0828ff-494c-4856-84c3-5fa5efbb57c2","Vehicle-CodewithYu-123","2025-04-09 08:27:36.398","10.673007598101712","North_East","private"
"3b3fec58-3df5-47e3-9b4b-f62d8c70baa6","Vehicle-CodewithYu-123","2025-04-09 08:28:26.398","25.557979794640207","North_East","private"
"bf7f5322-3ea3-4ea5-ad90-d6c3f5ee77cf","Vehicle-CodewithYu-123","2025-04-09 08:29:07.398","33.26662117444718","North_East","private"
"6077e4e0-42ce-4684-95c1-e31d8a5674b8","Vehicle-CodewithYu-123","2025-04-09 08:29:54.398","21.10695149673016","North_East","private"
"3552066b-33cb-4396-aa20-ee2b5409c2a1","Vehicle-CodewithYu-123","2025-04-09 08:30:27.398","2.561035853053797","North_East","private"
"4dab13ef-f7f2-4b3e-b2d8-60c9158e17a8","Vehicle-CodewithYu-123","2025-04-09 08:31:04.398","19.41657996601963","North_East","private"
"5ad34963-f8dc-425d-a1d1-3ad45b4877f5","Vehicle-CodewithYu-123","2025-04-09 08:31:57.398","26.138219530631662","North_East","private"
"a8d8f7bb-c691-40fd-89ea-28e7561398a9","Vehicle-CodewithYu-123","2025-04-09 08:32:41.398","36.93062397104051","North_East","private"
"90188d2f-de05-4536-8ed6-c511504a5ce8","Vehicle-CodewithYu-123","2025-04-09 08:33:38.398","2.345415998887157","North_East","private"
"1b391b05-da04-451b-989b-44a360310952","Vehicle-CodewithYu-123","2025-04-09 08:46:01.668","5.581517141005756","North_East","private"
"38ef5b84-07b9-4c0a-b539-fb304cea63a6","Vehicle-CodewithYu-123","2025-04-09 08:46:53.668","8.817624881627868","North_East","private"
"6ddf3d46-3a6c-4418-8fce-7ed90d3ac471","Vehicle-CodewithYu-123","2025-04-09 08:47:34.668","24.149041254675645","North_East","private"
"5335b7e5-454f-49b2-90ea-9011b5c4fadf","Vehicle-CodewithYu-123","2025-04-09 08:48:05.668","30.922733631547676","North_East","private"
"f91971b1-f8cb-4f7f-a3c4-38fa5fd60e05","Vehicle-CodewithYu-123","2025-04-09 08:48:57.668","25.92141540986374","North_East","private"
"000a9172-f695-40a6-9eb9-ce52cede5bc0","Vehicle-CodewithYu-123","2025-04-09 08:49:51.668","32.87210376027233","North_East","private"
"cdc68ea1-e680-46cd-aeca-43a289abbd00","Vehicle-CodewithYu-123","2025-04-09 08:50:50.668","5.714863617682506","North_East","private"
"7cfe50e5-1068-4ed5-a548-06433cab22ac","Vehicle-CodewithYu-123","2025-04-09 08:51:23.668","6.39928006889801","North_East","private"
"1c050050-2def-484d-814b-40b9ed30d771","Vehicle-CodewithYu-123","2025-04-09 08:52:21.668","10.673007598101712","North_East","private"
"d6ae969d-04de-4e95-8482-7d76ca6e78b2","Vehicle-CodewithYu-123","2025-04-09 08:53:11.668","25.557979794640207","North_East","private"
"df799a4a-a0c5-489d-a299-3e5258ed380c","Vehicle-CodewithYu-123","2025-04-09 08:53:52.668","33.26662117444718","North_East","private"
"5159732e-032b-4cae-93be-31ece03b7e35","Vehicle-CodewithYu-123","2025-04-09 08:54:39.668","21.10695149673016","North_East","private"
"cda4adf8-e038-4736-ba6a-e53506848070","Vehicle-CodewithYu-123","2025-04-09 08:55:12.668","2.561035853053797","North_East","private"
"332bf201-6801-412f-8c58-ffe806af8a57","Vehicle-CodewithYu-123","2025-04-09 08:55:49.668","19.41657996601963","North_East","private"
"999f1e0b-23cc-4208-8b9d-6250216f0abb","Vehicle-CodewithYu-123","2025-04-09 08:56:42.668","26.138219530631662","North_East","private"
"15b15247-9e2a-4d9c-8969-ecb536175293","Vehicle-CodewithYu-123","2025-04-09 08:57:26.668","36.93062397104051","North_East","private"
"c91fae86-fa86-42a8-894d-bcd6e03f9d88","Vehicle-CodewithYu-123","2025-04-09 08:58:23.668","2.345415998887157","North_East","private"
"b617e312-09fa-44dd-b2b3-4724e3dba686","Vehicle-CodewithYu-123","2025-04-09 08:59:23.668","29.429487151561737","North_East","private"
"731363d2-de4b-4998-adf1-96428c4d1d7d","Vehicle-CodewithYu-123","2025-04-09 08:59:58.668","2.7184345350302896","North_East","private"
"cd46fd9b-125c-4fe4-be8b-988ac959a944","Vehicle-CodewithYu-123","2025-04-09 09:00:44.668","10.430627824145313","North_East","private"
"7e663b9c-995b-4919-8226-3fa033f73a88","Vehicle-CodewithYu-123","2025-04-09 09:01:32.668","2.93042884398532","North_East","private"
"e35ae088-32fc-4222-848f-43df61816ca4","Vehicle-CodewithYu-123","2025-04-09 09:02:11.668","39.48932254526017","North_East","private"
"2ad67a50-b1a2-4cdf-ab8c-ad996a8fadc3","Vehicle-CodewithYu-123","2025-04-09 09:02:58.668","11.270250858315771","North_East","private"
"e32df508-7f5e-4945-9a33-cef4152d189f","Vehicle-CodewithYu-123","2025-04-09 09:03:29.668","30.844768920785086","North_East","private"
"3801c63c-e313-49b1-afcb-4ddd3bf2f3f7","Vehicle-CodewithYu-123","2025-04-09 09:04:03.668","33.38380079544067","North_East","private"
"79bb3900-8cb5-4b05-b299-6be7ac840b82","Vehicle-CodewithYu-123","2025-04-09 09:04:36.668","22.39534076575479","North_East","private"
"74b0e326-5506-406a-93b1-dd5f1dfbdd4b","Vehicle-CodewithYu-123","2025-04-09 09:05:16.668","16.468526662062146","North_East","private"
"25e88601-f52b-4a20-8612-7114320a45c5","Vehicle-CodewithYu-123","2025-04-09 09:05:57.668","31.813819966114472","North_East","private"
"8e4ff5de-669a-498f-9b8b-0a5eaf55768e","Vehicle-CodewithYu-123","2025-04-09 09:06:53.668","37.56948561298863","North_East","private"
"66cfa8c6-089e-48af-b4b4-064068f468f1","Vehicle-CodewithYu-123","2025-04-09 09:07:42.668","4.625831361173218","North_East","private"
"7c0697c3-75e7-4454-a1e6-4499438f1025","Vehicle-CodewithYu-123","2025-04-09 09:08:33.668","24.926216397856365","North_East","private"
"c2339b91-5c27-4275-8669-8e2282481e23","Vehicle-CodewithYu-123","2025-04-09 09:09:24.668","27.092717810909317","North_East","private"
"c2f96e4d-b86f-4508-97ba-a5fc9934e6df","Vehicle-CodewithYu-123","2025-04-09 09:10:00.668","31.74941596424008","North_East","private"
"00a9a162-cb27-4709-bc3b-9ece5c49e638","Vehicle-CodewithYu-123","2025-04-09 09:10:36.668","1.848548723710337","North_East","private"
"6e8df7ed-d919-461e-85d8-5579e9da0194","Vehicle-CodewithYu-123","2025-04-09 09:11:28.668","30.038579064738915","North_East","private"
"eed122a1-834e-4843-88a0-1df2c558f7d5","Vehicle-CodewithYu-123","2025-04-09 09:12:01.668","32.056664068890576","North_East","private"
"a23bfa02-02e7-42db-b73b-325a88bbf4b6","Vehicle-CodewithYu-123","2025-04-09 09:12:59.668","34.45979639133049","North_East","private"
"2915694c-fd45-454f-a0f4-9b8c289a45ae","Vehicle-CodewithYu-123","2025-04-09 09:13:36.668","12.788382736750492","North_East","private"
"b8e7054c-3a1d-4fe7-bb6b-aada0fafabd3","Vehicle-CodewithYu-123","2025-04-09 09:14:07.668","16.805740710937023","North_East","private"
"aa39ef51-11f9-4f95-b79a-a185c38da3ff","Vehicle-CodewithYu-123","2025-04-09 09:15:07.668","21.52882270440926","North_East","private"
"5eff0cc3-5849-4509-b6a3-c5ce5f6d5120","Vehicle-CodewithYu-123","2025-04-09 09:15:56.668","36.27715450347073","North_East","private"
"8991278f-08e3-4a49-9681-97df248fccfd","Vehicle-CodewithYu-123","2025-04-09 09:16:36.668","15.16504862256545","North_East","private"
"22c6702f-1397-409d-8e46-0be4cbf74e83","Vehicle-CodewithYu-123","2025-04-09 09:17:26.668","1.2411999552284847","North_East","private"
"5adfc375-756c-47fe-acef-d517020b773f","Vehicle-CodewithYu-123","2025-04-09 09:18:01.668","38.54938976404835","North_East","private"
"8f882515-815a-4690-a4e7-50ff26635874","Vehicle-CodewithYu-123","2025-04-09 09:18:49.668","25.089695824041776","North_East","private"
"718dbd36-3228-4804-b2bb-5b7db72f2f19","Vehicle-CodewithYu-123","2025-04-09 09:19:21.668","13.649246994451328","North_East","private"
"1f95ff9f-d90c-4e09-bd58-126b211fc13c","Vehicle-CodewithYu-123","2025-04-09 09:20:11.668","32.32796875227024","North_East","private"
"e60e2363-5c09-4845-b749-67c90b3fd332","Vehicle-CodewithYu-123","2025-04-09 09:21:05.668","24.413268169220824","North_East","private"
"fc694991-1fec-4693-8dab-90b6ca109e93","Vehicle-CodewithYu-123","2025-04-09 09:22:03.668","0.40604457754708445","North_East","private"
"62213255-0531-44b8-80f0-59b4570b96a3","Vehicle-CodewithYu-123","2025-04-09 09:22:42.668","27.671486211808073","North_East","private"
"cdbe917c-d04e-4bed-8d7b-92d1aa7f9e99","Vehicle-CodewithYu-123","2025-04-09 09:23:20.668","28.851373253042784","North_East","private"
"59a0ea77-5cc8-4160-b3d1-74d0093aa8ba","Vehicle-CodewithYu-123","2025-04-09 09:23:59.668","7.177661747416133","North_East","private"
"3d4b2c10-3fbe-46af-b531-dc7d2a78ea63","Vehicle-CodewithYu-123","2025-04-09 09:24:38.668","17.61875192544041","North_East","private"
"a4240c95-1f32-4cdc-afa4-157ad1634893","Vehicle-CodewithYu-123","2025-04-09 09:25:12.668","22.51358388338257","North_East","private"
"2f463545-7270-4b4b-a2fc-1409d5810779","Vehicle-CodewithYu-123","2025-04-09 09:26:09.668","17.15319344561703","North_East","private"
"c1b0221c-05a1-4670-8eb7-c8f409fc41b7","Vehicle-CodewithYu-123","2025-04-09 09:26:44.668","6.261304617725525","North_East","private"
"95f9d2d2-71cc-45ec-a02f-2d9e7488f9bc","Vehicle-CodewithYu-123","2025-04-09 09:27:39.668","23.59158356821031","North_East","private"
"a773044c-b34b-4d31-aedf-92a5022eaa5f","Vehicle-CodewithYu-123","2025-04-09 09:28:28.668","22.768281972763695","North_East","private"
"5f14d498-41af-41cb-8a34-2e8cd18209f9","Vehicle-CodewithYu-123","2025-04-09 09:29:26.668","12.892863334331999","North_East","private"
"00f4c95f-c5a7-474d-a543-c7b1886a5b1f","Vehicle-CodewithYu-123","2025-04-09 09:30:01.668","26.060379577347454","North_East","private"
"3cf7a03b-ad35-4bc4-8fc2-52f0719ef4aa","Vehicle-CodewithYu-123","2025-04-09 09:30:34.668","13.192146543158616","North_East","private"
"16133346-b206-4856-8e77-bd5d5841f003","Vehicle-CodewithYu-123","2025-04-09 09:31:28.668","20.583850093164205","North_East","private"
"4be7f558-23fa-4e28-91ab-d4baa93d8559","Vehicle-CodewithYu-123","2025-04-09 09:32:27.668","35.233864694312224","North_East","private"
"b323902e-b42f-4538-be80-8effdbf8e52e","Vehicle-CodewithYu-123","2025-04-09 09:33:23.668","18.457915767151334","North_East","private"
"04c2ce1a-7c69-4e55-b36c-1e1ac3f17d65","Vehicle-CodewithYu-123","2025-04-09 09:34:05.668","23.975103946995997","North_East","private"
"81abb820-03bd-446e-ae22-f93d63e20846","Vehicle-CodewithYu-123","2025-04-09 09:34:44.668","23.196935355336166","North_East","private"
"1dba272e-e88b-4142-acf1-6985783b9ac1","Vehicle-CodewithYu-123","2025-04-09 09:35:36.668","15.318833957184088","North_East","private"
"3d59399e-579b-4481-8a75-671fe12d2393","Vehicle-CodewithYu-123","2025-04-09 09:36:22.668","13.27978815725455","North_East","private"
"c02ee025-860e-400b-9791-d9a675f0247d","Vehicle-CodewithYu-123","2025-04-09 09:37:02.668","15.899332955430939","North_East","private"
"2f6efa80-0de5-4406-af48-8c87ed3be11a","Vehicle-CodewithYu-123","2025-04-09 09:37:53.668","39.89703691824862","North_East","private"
"18a67268-8026-4be0-b988-0cb837580e2c","Vehicle-CodewithYu-123","2025-04-09 09:38:48.668","14.33853369201454","North_East","private"
"0d741845-1e8a-40d1-ac12-f101e5294f2e","Vehicle-CodewithYu-123","2025-04-09 09:39:47.668","9.287537771806091","North_East","private"
"a16f6b9e-cb6e-4fd4-815b-e842ee635dcb","Vehicle-CodewithYu-123","2025-04-09 09:40:35.668","38.48116291293768","North_East","private"
"980df367-f310-429f-95f8-37863c76a4db","Vehicle-CodewithYu-123","2025-04-09 09:41:27.668","39.117779383074506","North_East","private"
"a1654b50-c666-4cb0-92da-81ddfc301441","Vehicle-CodewithYu-123","2025-04-09 09:42:21.668","24.28259992657064","North_East","private"
"dc316f0e-7643-4bac-a608-c190a54bb42e","Vehicle-CodewithYu-123","2025-04-09 09:43:00.668","1.3345812498252974","North_East","private"
"94fe11bf-41f1-4a84-8c6a-d3b54d9c48bc","Vehicle-CodewithYu-123","2025-04-09 09:43:56.668","36.561958141532486","North_East","private"
"8381cbbd-b94a-4ca5-9edc-0edd3d4a9ad1","Vehicle-CodewithYu-123","2025-04-09 09:44:38.668","32.18350576082248","North_East","private"
"6077dfeb-6bd8-4b27-a6fa-3fda4725c18e","Vehicle-CodewithYu-123","2025-04-09 09:45:11.668","18.859074719257546","North_East","private"
"1b1533eb-e6f1-4c4d-985d-a320b2a56988","Vehicle-CodewithYu-123","2025-04-09 09:45:42.668","19.704984759128234","North_East","private"
"98b29aeb-5303-428c-94ee-40e4162081d8","Vehicle-CodewithYu-123","2025-04-09 09:46:40.668","3.9608653884211398","North_East","private"
"869820f1-457b-457a-a1be-ab4a778f8aab","Vehicle-CodewithYu-123","2025-04-09 09:47:31.668","36.06784849698619","North_East","private"
"fee1cf90-c961-4b8c-9a53-69d995c32b78","Vehicle-CodewithYu-123","2025-04-09 09:48:20.668","2.02314042651492","North_East","private"
"6f6ab43d-370d-4f44-8046-342eb28005d6","Vehicle-CodewithYu-123","2025-04-09 09:49:14.668","36.021241425270325","North_East","private"
"e127524d-5dd4-4216-b6f5-d9d0eda53e94","Vehicle-CodewithYu-123","2025-04-09 09:49:51.668","0.6312433404464102","North_East","private"
"25e35d57-6ce8-4d24-ae44-213a6dd56ab3","Vehicle-CodewithYu-123","2025-04-09 09:50:40.668","31.329079839215183","North_East","private"
"e5f3f915-fc0f-4e51-b148-1fba6284c471","Vehicle-CodewithYu-123","2025-04-09 09:51:39.668","35.97067060494139","North_East","private"
"9c414f3f-73c2-4757-9d0d-5a22473af9de","Vehicle-CodewithYu-123","2025-04-09 09:52:23.668","17.20797303294493","North_East","private"
"30a0fe2e-0133-4985-bc93-0dedf57be782","Vehicle-CodewithYu-123","2025-04-09 09:53:03.668","15.949207370278131","North_East","private"
"098a8589-c351-4ee5-bca0-d9842d4c6ebc","Vehicle-CodewithYu-123","2025-04-09 09:53:46.668","29.55183993954863","North_East","private"
"157db36e-412e-4aff-b37a-9b5e88cbf712","Vehicle-CodewithYu-123","2025-04-09 09:54:46.668","12.497955963506158","North_East","private"
"493a9ceb-d8e6-432b-a293-f492c4407d3a","Vehicle-CodewithYu-123","2025-04-09 09:55:23.668","33.80620645313432","North_East","private"
"901871a1-f175-4142-813e-d7d4edbe450f","Vehicle-CodewithYu-123","2025-04-09 09:55:58.668","22.65284379045505","North_East","private"
"04a622b4-181c-4463-ac22-b425bc625a14","Vehicle-CodewithYu-123","2025-04-09 09:56:37.668","31.07342479866964","North_East","private"
"e598dc66-c986-4313-a08a-81bb971e7e2f","Vehicle-CodewithYu-123","2025-04-09 09:57:26.668","10.926673774590778","North_East","private"
"3c074165-576b-4be1-b6cf-c5792786b6fc","Vehicle-CodewithYu-123","2025-04-09 09:58:15.668","8.176924974149271","North_East","private"
"cc54554c-9f30-435b-a32e-7eab2a80ec2e","Vehicle-CodewithYu-123","2025-04-09 09:58:52.668","33.33416809679513","North_East","private"
"90e56927-5446-40e5-af39-bea94ff10ec0","Vehicle-CodewithYu-123","2025-04-09 09:59:44.668","11.580608223430326","North_East","private"
"654e22a7-f802-4cf1-8cdb-2fa305c17c42","Vehicle-CodewithYu-123","2025-04-09 10:00:27.668","20.958501720025264","North_East","private"
"dd4603c1-2af1-4cc0-8a93-e15f1621ba4d","Vehicle-CodewithYu-123","2025-04-09 09:06:38.188","5.581517141005756","North_East","private"
"1eb0f24c-d5f4-4573-baf4-17e0c9234c5d","Vehicle-CodewithYu-123","2025-04-09 09:07:30.188","8.817624881627868","North_East","private"
"f5073de6-017c-4fda-b15a-dffe9bbc306d","Vehicle-CodewithYu-123","2025-04-09 09:08:11.188","24.149041254675645","North_East","private"
"13afdf81-200a-4d55-bd88-a6a21425a7da","Vehicle-CodewithYu-123","2025-04-09 09:08:42.188","30.922733631547676","North_East","private"
"3e4313c1-35b4-4d0d-ad6a-a5195c710da0","Vehicle-CodewithYu-123","2025-04-09 09:09:34.188","25.92141540986374","North_East","private"
"509c3a98-bdc8-477d-a9cf-faaf54d150a2","Vehicle-CodewithYu-123","2025-04-09 09:10:28.188","32.87210376027233","North_East","private"
"04bbc57c-72eb-421f-b3eb-14377179ae19","Vehicle-CodewithYu-123","2025-04-09 09:11:27.188","5.714863617682506","North_East","private"
"c1f64b4c-71d0-4f85-98e2-e13ca755befe","Vehicle-CodewithYu-123","2025-04-09 09:12:00.188","6.39928006889801","North_East","private"
"00e3915c-c8d8-4b76-a1d8-dcd4cfe04468","Vehicle-CodewithYu-123","2025-04-09 09:12:58.188","10.673007598101712","North_East","private"
"1be07a82-c7d0-4d99-a72e-f0a51c0bbc81","Vehicle-CodewithYu-123","2025-04-09 09:13:48.188","25.557979794640207","North_East","private"
"c12cd450-6b87-444a-86d4-43a53b21ec1b","Vehicle-CodewithYu-123","2025-04-09 09:14:29.188","33.26662117444718","North_East","private"
"28d96af0-0c86-43e0-8f3a-3a91b9e086d8","Vehicle-CodewithYu-123","2025-04-09 09:15:16.188","21.10695149673016","North_East","private"
"c48acbf3-ceb1-4dec-8075-1c4c6fb265aa","Vehicle-CodewithYu-123","2025-04-09 09:15:49.188","2.561035853053797","North_East","private"
"47249e5d-3e0a-478b-ac4a-d384574bf8e9","Vehicle-CodewithYu-123","2025-04-09 09:16:26.188","19.41657996601963","North_East","private"
"3f580374-a3f5-4a3d-844d-73eb8d96072d","Vehicle-CodewithYu-123","2025-04-09 09:17:19.188","26.138219530631662","North_East","private"
"aaa217f2-5007-4aca-8b1b-df850ed352db","Vehicle-CodewithYu-123","2025-04-09 09:18:03.188","36.93062397104051","North_East","private"
"1ad79247-d35d-46f5-8340-5095000c1ded","Vehicle-CodewithYu-123","2025-04-09 09:19:00.188","2.345415998887157","North_East","private"
"32112087-df7e-48d9-acd4-974b28682a40","Vehicle-CodewithYu-123","2025-04-09 09:20:00.188","29.429487151561737","North_East","private"
"c0a6b64a-9aa0-4227-acfc-eff7bf459b37","Vehicle-CodewithYu-123","2025-04-09 09:20:35.188","2.7184345350302896","North_East","private"
"3d22ae9d-58f1-4d40-b26d-68c30a9e7579","Vehicle-CodewithYu-123","2025-04-09 09:21:21.188","10.430627824145313","North_East","private"
"1aa612c4-d928-40b3-adc1-864954486e33","Vehicle-CodewithYu-123","2025-04-09 09:22:09.188","2.93042884398532","North_East","private"
"86473d40-eb52-4fb4-a46c-6820afa0257d","Vehicle-CodewithYu-123","2025-04-09 09:10:57.591","5.581517141005756","North_East","private"
"d59b41bc-c68d-401c-a5ac-9b4bc368988e","Vehicle-CodewithYu-123","2025-04-09 09:11:49.591","8.817624881627868","North_East","private"
"bbcb81da-a82a-4c1f-9e53-501c2eace27c","Vehicle-CodewithYu-123","2025-04-09 09:12:30.591","24.149041254675645","North_East","private"
"b09182a1-204a-45f9-a687-e4875b06896b","Vehicle-CodewithYu-123","2025-04-09 09:13:01.591","30.922733631547676","North_East","private"
"8cad4334-05fb-457f-9b55-220c64e243f8","Vehicle-CodewithYu-123","2025-04-09 09:13:53.591","25.92141540986374","North_East","private"
"399cf531-9c88-441f-a742-dcd0fb71edee","Vehicle-CodewithYu-123","2025-04-09 09:14:47.591","32.87210376027233","North_East","private"
"1c7b6258-25ce-4520-87be-f85d8aaef370","Vehicle-CodewithYu-123","2025-04-09 09:15:46.591","5.714863617682506","North_East","private"
"4f9f0d52-7a6b-4b8d-b00a-084ead58442b","Vehicle-CodewithYu-123","2025-04-09 09:16:19.591","6.39928006889801","North_East","private"
"b152ea19-95f6-4089-aa2c-4416c6f9da96","Vehicle-CodewithYu-123","2025-04-09 09:17:17.591","10.673007598101712","North_East","private"
"dc6c45c4-01f5-4ed2-b720-f650649f1a73","Vehicle-CodewithYu-123","2025-04-09 09:18:07.591","25.557979794640207","North_East","private"
"9088dea4-d4f2-48f8-b521-8b857efaa107","Vehicle-CodewithYu-123","2025-04-09 09:18:48.591","33.26662117444718","North_East","private"
"24fb7365-adc7-47c6-b031-5819a746ecc6","Vehicle-CodewithYu-123","2025-04-09 09:19:35.591","21.10695149673016","North_East","private"
"f57a1d82-5032-434d-9833-b28015bf363f","Vehicle-CodewithYu-123","2025-04-09 09:20:08.591","2.561035853053797","North_East","private"
"65a07d07-859a-4ef5-9df2-7db11a28752b","Vehicle-CodewithYu-123","2025-04-09 09:20:45.591","19.41657996601963","North_East","private"
"a508ceda-6e86-4851-a561-856e1d9d0f53","Vehicle-CodewithYu-123","2025-04-09 09:21:38.591","26.138219530631662","North_East","private"
"1e62b330-2eb0-4e81-9cc4-7f8c5b00de85","Vehicle-CodewithYu-123","2025-04-09 09:22:22.591","36.93062397104051","North_East","private"
"5d5c3ee7-c6ef-41fb-94f9-9dbde8da169f","Vehicle-CodewithYu-123","2025-04-09 09:23:19.591","2.345415998887157","North_East","private"
"e484f58e-372d-48ef-8a7b-12553898a647","Vehicle-CodewithYu-123","2025-04-09 09:24:19.591","29.429487151561737","North_East","private"
"4e7c1dff-a61b-4213-b86e-e3ed9acad417","Vehicle-CodewithYu-123","2025-04-09 09:24:54.591","2.7184345350302896","North_East","private"
"70e505bd-917d-4ec5-9a64-dfd6e4564c9b","Vehicle-CodewithYu-123","2025-04-09 09:25:40.591","10.430627824145313","North_East","private"
"894c32e2-0f8e-4c6b-af7d-90b77392ec85","Vehicle-CodewithYu-123","2025-04-09 09:26:28.591","2.93042884398532","North_East","private"
"eb7cfd85-4043-447c-afc0-84d179f000d4","Vehicle-CodewithYu-123","2025-04-09 09:27:07.591","39.48932254526017","North_East","private"
"b7836dcf-c052-400c-b54c-552e234181c9","Vehicle-CodewithYu-123","2025-04-09 09:27:54.591","11.270250858315771","North_East","private"
"2faecd46-1fdb-437b-9cce-d13dc4cc2287","Vehicle-CodewithYu-123","2025-04-09 09:28:25.591","30.844768920785086","North_East","private"
"2df3ea7d-207a-435c-a548-564a389f65ee","Vehicle-CodewithYu-123","2025-04-09 09:28:59.591","33.38380079544067","North_East","private"
"5f9a989d-d798-4803-9cab-d3a63782f5e8","Vehicle-CodewithYu-123","2025-04-09 09:29:32.591","22.39534076575479","North_East","private"
"5f19df7d-2211-4a27-94e4-1627b1f55efc","Vehicle-CodewithYu-123","2025-04-09 09:30:12.591","16.468526662062146","North_East","private"
"238f7ca6-18a7-42a1-b5ba-1c15e1209c61","Vehicle-CodewithYu-123","2025-04-09 09:30:53.591","31.813819966114472","North_East","private"
"83a1945e-c286-4008-a58d-ca97f2095e7e","Vehicle-CodewithYu-123","2025-04-09 09:31:49.591","37.56948561298863","North_East","private"
"b5da69ab-bc69-49ef-8ff8-dabe9a467d93","Vehicle-CodewithYu-123","2025-04-09 09:32:38.591","4.625831361173218","North_East","private"
"a6743a30-34fd-4026-b502-0ba5e356b1fd","Vehicle-CodewithYu-123","2025-04-09 09:33:29.591","24.926216397856365","North_East","private"
"bcdf321e-0cdd-4002-9c6a-9808c75b31c5","Vehicle-CodewithYu-123","2025-04-09 09:34:20.591","27.092717810909317","North_East","private"
"c91f37ff-6fa3-49c4-823f-c8f83972dc04","Vehicle-CodewithYu-123","2025-04-09 09:34:56.591","31.74941596424008","North_East","private"
"5e081fc2-0c00-471b-9037-e2ef0d248bc7","Vehicle-CodewithYu-123","2025-04-09 09:35:32.591","1.848548723710337","North_East","private"
"9523be1e-0912-492a-9a9a-927c706582c4","Vehicle-CodewithYu-123","2025-04-09 09:36:24.591","30.038579064738915","North_East","private"
"c178dd6c-f6f2-4591-9269-42aca8d9f5c0","Vehicle-CodewithYu-123","2025-04-09 09:36:57.591","32.056664068890576","North_East","private"
"4a378c33-a101-4714-812c-b2aec4e3f6ca","Vehicle-CodewithYu-123","2025-04-09 09:37:55.591","34.45979639133049","North_East","private"
"03d66ac5-468d-43e5-8756-684c610cbc57","Vehicle-CodewithYu-123","2025-04-09 09:38:32.591","12.788382736750492","North_East","private"
"8b50ccbd-45aa-4db3-9819-f9fd610c3229","Vehicle-CodewithYu-123","2025-04-09 09:39:03.591","16.805740710937023","North_East","private"
"34d82dd8-0518-4b4c-8946-a6a071a4baed","Vehicle-CodewithYu-123","2025-04-09 09:40:03.591","21.52882270440926","North_East","private"
"bd36fe8f-a952-42cf-83ee-85b3b3719bde","Vehicle-CodewithYu-123","2025-04-09 09:40:52.591","36.27715450347073","North_East","private"
"f124ecae-c88b-4194-ac80-1c7a56239194","Vehicle-CodewithYu-123","2025-04-09 09:41:32.591","15.16504862256545","North_East","private"
"c6daa0da-81a4-4112-a4e5-28e6d8f72282","Vehicle-CodewithYu-123","2025-04-09 09:42:22.591","1.2411999552284847","North_East","private"
"f7822669-235d-4611-96e8-e2c3cadc97f4","Vehicle-CodewithYu-123","2025-04-09 09:42:57.591","38.54938976404835","North_East","private"
"2031266c-956e-48f8-8dbb-e457e0b5bc62","Vehicle-CodewithYu-123","2025-04-09 09:43:45.591","25.089695824041776","North_East","private"
"5ec7acfb-6afa-45f1-ad0d-7bd8f4df7df7","Vehicle-CodewithYu-123","2025-04-09 09:44:17.591","13.649246994451328","North_East","private"
"56e70ad8-0db2-4626-ba02-880cf55ef359","Vehicle-CodewithYu-123","2025-04-09 09:45:07.591","32.32796875227024","North_East","private"
"e60bd346-9d9a-45b3-b342-7ac2d15c09cc","Vehicle-CodewithYu-123","2025-04-09 09:46:01.591","24.413268169220824","North_East","private"
"2ab65d78-900e-42f6-b3d0-5e5a023768b6","Vehicle-CodewithYu-123","2025-04-09 09:46:59.591","0.40604457754708445","North_East","private"
"43a31304-b6bf-4efb-a761-7003af095629","Vehicle-CodewithYu-123","2025-04-09 09:47:38.591","27.671486211808073","North_East","private"
"82a4ca23-1454-41ef-b18b-66c715e26137","Vehicle-CodewithYu-123","2025-04-09 09:48:16.591","28.851373253042784","North_East","private"
"d2ae3e0e-3e12-428c-9a3d-c798b9e59ed3","Vehicle-CodewithYu-123","2025-04-09 09:48:55.591","7.177661747416133","North_East","private"
"d7ca80ef-3c21-4f3d-b860-4c999a63bed5","Vehicle-CodewithYu-123","2025-04-09 09:49:34.591","17.61875192544041","North_East","private"
"fd750e2c-ccdf-46a7-b37d-209334f51fdc","Vehicle-CodewithYu-123","2025-04-09 09:50:08.591","22.51358388338257","North_East","private"
"ddcea562-cd1e-4229-ac39-0ed86f557fe6","Vehicle-CodewithYu-123","2025-04-09 09:51:05.591","17.15319344561703","North_East","private"
"933dd399-3e0f-409d-91df-aac0b41c5c58","Vehicle-CodewithYu-123","2025-04-09 09:51:40.591","6.261304617725525","North_East","private"
"6c2e5450-cddb-4acd-a3ad-f6bd2ab43824","Vehicle-CodewithYu-123","2025-04-09 09:52:35.591","23.59158356821031","North_East","private"
"c22467e9-4da7-4111-9fb1-8a402a9e2bb1","Vehicle-CodewithYu-123","2025-04-09 09:53:24.591","22.768281972763695","North_East","private"
"b7815644-5bf7-47ea-8d9c-388c95618729","Vehicle-CodewithYu-123","2025-04-09 09:54:22.591","12.892863334331999","North_East","private"
"b0ce2fc0-0b73-4218-86e1-a294bcd6846b","Vehicle-CodewithYu-123","2025-04-09 09:54:57.591","26.060379577347454","North_East","private"
"bdb6cc9b-e966-456a-9261-89d3d9a4b645","Vehicle-CodewithYu-123","2025-04-09 09:55:30.591","13.192146543158616","North_East","private"
"65a7dee3-0fad-4908-8119-256ffcb8da40","Vehicle-CodewithYu-123","2025-04-09 09:56:24.591","20.583850093164205","North_East","private"
"df17e3c6-a470-4fef-89e8-9b161c10e145","Vehicle-CodewithYu-123","2025-04-09 09:57:23.591","35.233864694312224","North_East","private"
"c4c482ab-f5f6-41cb-98c4-0f4297343c5c","Vehicle-CodewithYu-123","2025-04-09 09:58:19.591","18.457915767151334","North_East","private"
"5d900d2f-5ab5-415a-b530-356d00f4c588","Vehicle-CodewithYu-123","2025-04-09 09:59:01.591","23.975103946995997","North_East","private"
"299db466-35be-4948-a080-bbc7962852d5","Vehicle-CodewithYu-123","2025-04-09 09:59:40.591","23.196935355336166","North_East","private"
"13a82fc2-29f4-45f4-90e8-0ebcf5db67ac","Vehicle-CodewithYu-123","2025-04-09 10:00:32.591","15.318833957184088","North_East","private"
"675f800a-0a8e-4384-a285-9d0928154728","Vehicle-CodewithYu-123","2025-04-09 10:01:18.591","13.27978815725455","North_East","private"
"3f5ec803-0f84-44fd-a3a3-a9170aff81dc","Vehicle-CodewithYu-123","2025-04-09 10:01:58.591","15.899332955430939","North_East","private"
"db8430d4-a7dc-4ca0-bc52-0fad51db00b7","Vehicle-CodewithYu-123","2025-04-09 10:02:49.591","39.89703691824862","North_East","private"
"410836d8-a746-4f46-ae80-7fcd6fc30d81","Vehicle-CodewithYu-123","2025-04-09 10:03:44.591","14.33853369201454","North_East","private"
"cc306f75-5703-483f-8e9c-64004348320d","Vehicle-CodewithYu-123","2025-04-09 10:04:43.591","9.287537771806091","North_East","private"
"b0bf865a-4597-4464-82f3-d96cfd17930e","Vehicle-CodewithYu-123","2025-04-09 10:05:31.591","38.48116291293768","North_East","private"
"108ff49a-0e69-481b-849b-9b6f3ffbb47c","Vehicle-CodewithYu-123","2025-04-09 10:06:23.591","39.117779383074506","North_East","private"
"205cbcf8-5fcd-4708-8edd-a53136a635c9","Vehicle-CodewithYu-123","2025-04-09 10:07:17.591","24.28259992657064","North_East","private"
"f56d9d99-e3d5-412a-acd1-9d264fbb45c9","Vehicle-CodewithYu-123","2025-04-09 10:07:56.591","1.3345812498252974","North_East","private"
"1fe8eb3d-df46-4aa7-8eea-592be0efdfcd","Vehicle-CodewithYu-123","2025-04-09 10:08:52.591","36.561958141532486","North_East","private"
"cbcace2b-c122-4c1a-b048-0dbd2d634b16","Vehicle-CodewithYu-123","2025-04-09 10:09:34.591","32.18350576082248","North_East","private"
"6208a1e3-e344-45a7-90ac-9d7759028518","Vehicle-CodewithYu-123","2025-04-09 10:10:07.591","18.859074719257546","North_East","private"
"48b09d15-f3aa-4ca9-9f5e-05ed010443c5","Vehicle-CodewithYu-123","2025-04-09 10:10:38.591","19.704984759128234","North_East","private"
"1ef3a86b-184e-4137-9b77-673078ad77b3","Vehicle-CodewithYu-123","2025-04-09 10:11:36.591","3.9608653884211398","North_East","private"
"9ad71424-b5ea-4cd7-8fbe-f1bd3cb6b1c4","Vehicle-CodewithYu-123","2025-04-09 10:12:27.591","36.06784849698619","North_East","private"
"2bcf73b0-52f8-4f27-a61b-07a8f2d74d92","Vehicle-CodewithYu-123","2025-04-09 10:13:16.591","2.02314042651492","North_East","private"
"61c93715-c84c-4801-9830-7f737729d8a6","Vehicle-CodewithYu-123","2025-04-09 10:14:10.591","36.021241425270325","North_East","private"
"2adc1f0c-2c1e-40c6-a090-4d115ad8faa6","Vehicle-CodewithYu-123","2025-04-09 10:14:47.591","0.6312433404464102","North_East","private"
"ef59a552-20cc-4a6f-b7d6-462e0953d3b6","Vehicle-CodewithYu-123","2025-04-09 10:15:36.591","31.329079839215183","North_East","private"
"6c140dc5-ea0e-408f-8c38-416564cb246f","Vehicle-CodewithYu-123","2025-04-09 10:16:35.591","35.97067060494139","North_East","private"
"6ed0b366-fb43-47ff-b826-db810de87d5b","Vehicle-CodewithYu-123","2025-04-09 10:17:19.591","17.20797303294493","North_East","private"
"d05a47ce-cb2e-48e6-892a-0a545ab53ba4","Vehicle-CodewithYu-123","2025-04-09 10:17:59.591","15.949207370278131","North_East","private"
"2ac55999-9405-461b-9286-5b262458c19e","Vehicle-CodewithYu-123","2025-04-09 10:18:42.591","29.55183993954863","North_East","private"
"bc21704e-3cc7-4ed4-975e-70578f6abab5","Vehicle-CodewithYu-123","2025-04-09 10:19:42.591","12.497955963506158","North_East","private"
"7a47cdef-915e-4e1c-9dcf-e4807bf55c66","Vehicle-CodewithYu-123","2025-04-09 10:20:19.591","33.80620645313432","North_East","private"
"288227ba-f468-4fb7-b093-55a38d286057","Vehicle-CodewithYu-123","2025-04-09 10:20:54.591","22.65284379045505","North_East","private"
"3ebffa65-6a46-4e7e-a130-871bc0420d8f","Vehicle-CodewithYu-123","2025-04-09 10:21:33.591","31.07342479866964","North_East","private"
"6ec5866c-e333-4074-9873-57dc10ffcf61","Vehicle-CodewithYu-123","2025-04-09 10:22:22.591","10.926673774590778","North_East","private"
"7722637a-50fc-44ef-bcb2-81dd59ca9f91","Vehicle-CodewithYu-123","2025-04-09 10:23:11.591","8.176924974149271","North_East","private"
"732da35f-67a4-4669-8e6a-b10822c1aa43","Vehicle-CodewithYu-123","2025-04-09 10:23:48.591","33.33416809679513","North_East","private"
"ce2bcf21-5d56-4893-bfa9-933ed1b5c026","Vehicle-CodewithYu-123","2025-04-09 10:24:40.591","11.580608223430326","North_East","private"
"ad343794-1f2d-4007-9f95-0ff70f852de7","Vehicle-CodewithYu-123","2025-04-09 10:25:23.591","20.958501720025264","North_East","private"
"6fe4a5ae-881e-4e8d-9aa6-f3d4e07775e8","Vehicle-CodewithYu-123","2025-04-09 09:41:53.566","5.581517141005756","North_East","private"
"e402e976-e997-480f-9812-85b5bfab3d1b","Vehicle-CodewithYu-123","2025-04-09 10:15:07.905","1.848548723710337","North_East","private"
"1e88478a-5a64-4140-8233-d00c8dff631b","Vehicle-CodewithYu-123","2025-04-09 10:15:59.905","30.038579064738915","North_East","private"
"dca812f3-b227-4d5c-9fba-2b2ae4c1c0b4","Vehicle-CodewithYu-123","2025-04-09 10:00:54.719","33.38380079544067","North_East","private"
"1d432efa-69bf-4f8e-8b20-c528d538be1f","Vehicle-CodewithYu-123","2025-04-09 10:01:27.719","22.39534076575479","North_East","private"
"cf776ee3-cf1f-40d8-80dc-f349fcfe7ae4","Vehicle-CodewithYu-123","2025-04-09 09:42:45.566","8.817624881627868","North_East","private"
"a319dd1b-638e-4672-9959-fd6fe848a3f2","Vehicle-CodewithYu-123","2025-04-09 09:43:26.566","24.149041254675645","North_East","private"
"1e931ccc-92e9-4d06-92aa-0e441bac6cf3","Vehicle-CodewithYu-123","2025-04-09 10:40:47.719","36.561958141532486","North_East","private"
"7fce5387-36db-4f31-abdd-1efe4ba0bdf4","Vehicle-CodewithYu-123","2025-04-09 10:41:29.719","32.18350576082248","North_East","private"
"53ca6660-13a5-4658-8f92-d5ae67d4aae8","Vehicle-CodewithYu-123","2025-04-09 10:05:15.905","10.430627824145313","North_East","private"
"e0a16c42-b937-4c40-9c44-05e3ccbe248c","Vehicle-CodewithYu-123","2025-04-09 10:06:03.905","2.93042884398532","North_East","private"
"33cf9fd5-2dba-4fd0-bd42-1c444b7a9a10","Vehicle-CodewithYu-123","2025-04-09 10:20:27.905","36.27715450347073","North_East","private"
"3b38cf99-486d-4905-9483-2dba7ded14fa","Vehicle-CodewithYu-123","2025-04-09 10:02:48.719","31.813819966114472","North_East","private"
"d5c9f245-92a6-4d26-bccb-f631051cee0f","Vehicle-CodewithYu-123","2025-04-09 10:03:44.719","37.56948561298863","North_East","private"
"0744566e-cb21-4f16-b1b8-64b7e61cd84e","Vehicle-CodewithYu-123","2025-04-09 10:32:27.719","15.318833957184088","North_East","private"
"fa85862e-342a-41cc-89cc-f467e023e853","Vehicle-CodewithYu-123","2025-04-09 10:27:25.719","13.192146543158616","North_East","private"
"5dbc710a-d38e-48c5-a9b8-69c6a251a5f9","Vehicle-CodewithYu-123","2025-04-09 09:56:52.905","10.673007598101712","North_East","private"
"d2e53927-8f6e-44bd-8a67-b139519c3c39","Vehicle-CodewithYu-123","2025-04-09 09:57:42.905","25.557979794640207","North_East","private"
"fdb6e679-032c-47ae-9067-00d329cf3eaf","Vehicle-CodewithYu-123","2025-04-09 10:24:30.719","23.59158356821031","North_East","private"
"b509b4c3-c510-4f22-bb0d-d0a28dbd4fc3","Vehicle-CodewithYu-123","2025-04-09 09:52:05.905","24.149041254675645","North_East","private"
"dd5b1b81-da8c-4ff1-8291-e8db5c4e1614","Vehicle-CodewithYu-123","2025-04-09 10:46:05.719","36.021241425270325","North_East","private"
"d7095152-caad-47fe-91fd-55cc6a5e0f7e","Vehicle-CodewithYu-123","2025-04-09 10:46:42.719","0.6312433404464102","North_East","private"
"99e307af-6342-467e-8f97-07a4b492d607","Vehicle-CodewithYu-123","2025-04-09 10:17:02.719","32.32796875227024","North_East","private"
"2099050a-8e22-4e6f-88b3-5660a404d5d4","Vehicle-CodewithYu-123","2025-04-09 10:17:56.719","24.413268169220824","North_East","private"
"6b146b00-0c3e-4054-85c8-98964ee3fa6f","Vehicle-CodewithYu-123","2025-04-09 09:58:23.719","2.93042884398532","North_East","private"
"165a7481-17bf-4cb2-b526-3fe330becf84","Vehicle-CodewithYu-123","2025-04-09 10:17:30.905","34.45979639133049","North_East","private"
"273f5181-dd44-4d1d-a997-97e4c1f13d0a","Vehicle-CodewithYu-123","2025-04-09 10:18:07.905","12.788382736750492","North_East","private"
"082a6754-f5f3-454a-b685-a41bf53cb1a4","Vehicle-CodewithYu-123","2025-04-09 10:49:54.719","15.949207370278131","North_East","private"
"9dc69fc0-fd8b-4a58-8ad2-24af9f628ae2","Vehicle-CodewithYu-123","2025-04-09 10:50:37.719","29.55183993954863","North_East","private"
"17d699e7-9835-4a71-b7a9-306ded22d27c","Vehicle-CodewithYu-123","2025-04-09 10:16:12.719","13.649246994451328","North_East","private"
"e53ffcad-d55c-4310-a1f0-ba3e84563a34","Vehicle-CodewithYu-123","2025-04-09 09:55:54.905","6.39928006889801","North_East","private"
"dc56c7a0-288e-488c-946c-428866e658a3","Vehicle-CodewithYu-123","2025-04-09 10:32:10.905","23.59158356821031","North_East","private"
"d08e879e-86af-4348-a3f2-351723e0ac99","Vehicle-CodewithYu-123","2025-04-09 10:32:59.905","22.768281972763695","North_East","private"
"63d2b6dc-4d99-4eb8-9892-ff3324b0cc72","Vehicle-CodewithYu-123","2025-04-09 10:06:42.905","39.48932254526017","North_East","private"
"8455556e-69e7-49e8-9d2d-0b2cab6825c6","Vehicle-CodewithYu-123","2025-04-09 10:38:18.719","39.117779383074506","North_East","private"
"ca1c5ec3-ec7e-4430-84cf-6626734d6e35","Vehicle-CodewithYu-123","2025-04-09 10:39:12.719","24.28259992657064","North_East","private"
"f6109031-5a54-4e6f-81dc-2345be26bf95","Vehicle-CodewithYu-123","2025-04-09 09:55:40.940","5.581517141005756","North_East","private"
"ee848e14-2d41-4355-8bc5-0348a1904af7","Vehicle-CodewithYu-123","2025-04-09 10:25:19.719","22.768281972763695","North_East","private"
"81ba2004-447f-42d5-bf36-6853da97d4bb","Vehicle-CodewithYu-123","2025-04-09 10:26:17.719","12.892863334331999","North_East","private"
"35cee4eb-0316-4400-acf8-dc5a460edc2b","Vehicle-CodewithYu-123","2025-04-09 10:21:07.905","15.16504862256545","North_East","private"
"0972003a-2eba-47da-a683-2fd5241110dd","Vehicle-CodewithYu-123","2025-04-09 10:21:57.905","1.2411999552284847","North_East","private"
"068bccba-0325-4f9b-82bd-a6e8f32575e7","Vehicle-CodewithYu-123","2025-04-09 09:56:49.719","2.7184345350302896","North_East","private"
"99c7083e-c4bb-4002-adb3-e73c61138574","Vehicle-CodewithYu-123","2025-04-09 09:57:35.719","10.430627824145313","North_East","private"
"aa423304-9e73-432b-977e-bbe86b09bdac","Vehicle-CodewithYu-123","2025-04-09 10:10:28.905","31.813819966114472","North_East","private"
"4718087a-df7f-48bc-b411-420875ff91ff","Vehicle-CodewithYu-123","2025-04-09 10:11:24.905","37.56948561298863","North_East","private"
